Virginie,Lefort,"80, boulevard Pineau
33896 Coste",Virginie.Lefort@yahoo.com,0355537088
﻿Thibaut,Thibault,"place de Gautier
69 029 Gay-sur-Petitjean",Thibaut.Thibault@hotmail.com,"+33 6 29 58 94 80"
﻿Édouard,Boucher,"109, rue de Valette
71637 Ruizboeuf",Édouard.Boucher@hotmail.com,0475346516
﻿Denise,Leduc,"55, chemin Henri Leroy
43900 Marty-la-Forêt",Denise.Leduc@hotmail.com,0123555614
﻿Théophile,Picard,"82, impasse Peron
12 843 Jacquot",Théophile.Picard@yahoo.com,"+33 (0)4 60 90 29 27"
﻿Gilbert,Fontaine,"4, place Barbier
45608 Carpentier",Gilbert.Fontaine@yahoo.com,"+33 (0)8 14 42 22 99"
﻿Georges,Muller,"place Pierre
02880 Ledoux",Georges.Muller@yahoo.com,"08 01 45 41 54"
﻿Michèle,Louis,"589, rue Weber
98 395 Martineau",Michèle.Louis@yahoo.com,"03 58 89 66 80"
﻿Frédérique,Bonnin,"565, rue Christine Renaud
26246 Delannoy",Frédérique.Bonnin@yahoo.com,"07 98 07 99 90"
﻿Nathalie,Renault,"46, chemin Alexandria Barbier
15812 Techer-la-Forêt",Nathalie.Renault@hotmail.com,0821811613
﻿Gérard,Denis,"23, rue Laporte
21938 Marchand-sur-Bazin",Gérard.Denis@yahoo.com,"01 55 39 64 98"
﻿Thomas,Barre,"278, impasse Amélie Etienne
71349 Verdier",Thomas.Barre@yahoo.com,0902317401
﻿Alfred,Teixeira,"8, rue Sébastien Coste
57 592 BonninVille",Alfred.Teixeira@yahoo.com,"+33 7 74 32 10 45"
﻿Anne,Moreno,"1, rue de Lacroix
97783 Ramos",Anne.Moreno@yahoo.com,0171102126
﻿Marc,Robert,"rue Texier
51103 Martins-sur-Guyot",Marc.Robert@yahoo.com,"+33 5 76 80 66 22"
﻿Maurice,Bouvet,"10, place Frédéric Perrin
17 583 Bernier-sur-Vasseur",Maurice.Bouvet@yahoo.com,"07 90 23 98 70"
﻿Claude,Joseph,"93, rue Louis Hubert
93676 Ferreira-la-Forêt",Claude.Joseph@yahoo.com,0899732974
﻿Dominique,Payet,"75, rue de Pelletier
01061 Lopezdan",Dominique.Payet@hotmail.com,"+33 (0)9 69 27 03 04"
﻿Thierry,Olivier,"95, rue Collin
74 119 Bouvier",Thierry.Olivier@yahoo.com,0629051694
﻿Benjamin,Hoareau,"72, chemin Blanc
50 648 Lemoine-les-Bains",Benjamin.Hoareau@yahoo.com,"+33 (0)4 23 41 20 50"
﻿Benjamin,Pruvost,"avenue Roy
59 033 HuetVille",Benjamin.Pruvost@yahoo.com,"+33 5 50 27 51 11"
﻿Suzanne,Lemaire,"351, impasse Tanguy
54 870 Roux",Suzanne.Lemaire@hotmail.com,0892608528
﻿Cécile,Descamps,"13, place Levy
20 013 Guichard",Cécile.Descamps@hotmail.com,"06 08 58 81 46"
﻿Maryse,Bonnet,"12, boulevard de Traore
50 020 Raymond",Maryse.Bonnet@yahoo.com,"03 98 16 62 51"
﻿Pauline,Francois,"27, rue Guillet
59 562 LeducBourg",Pauline.Francois@yahoo.com,"+33 (0)8 25 37 81 46"
﻿Charles,Marie,"rue de Chretien
34 468 MartelVille",Charles.Marie@yahoo.com,0525168229
﻿Aimée,Laurent,"place de Etienne
53227 Delaunay",Aimée.Laurent@yahoo.com,0144873946
﻿Xavier,Gomez,"30, place Boyer
44 834 Laroche",Xavier.Gomez@hotmail.com,"+33 (0)1 18 56 98 37"
﻿Émile,Dijoux,"216, chemin de Hernandez
60 350 Riviere-sur-Grondin",Émile.Dijoux@yahoo.com,0308894783
﻿Suzanne,Muller,"avenue Alice Prevost
17661 LemonnierVille",Suzanne.Muller@yahoo.com,0638186693
﻿Audrey,Diaz,"88, rue Philippe
76 269 Julien-sur-Roy",Audrey.Diaz@yahoo.com,"+33 (0)1 31 75 35 25"
﻿Aurélie,Maurice,"884, place de Gilles
06981 MassonVille",Aurélie.Maurice@yahoo.com,"+33 (0)2 63 62 61 96"
﻿Éric,Roy,"15, rue de Lacroix
14 398 Guilletboeuf",Éric.Roy@yahoo.com,"+33 (0)7 34 88 28 69"
﻿Bernard,Mallet,"52, avenue Baudry
09076 Camus",Bernard.Mallet@yahoo.com,0390037448
﻿Inès,Chartier,"place De Oliveira
64 244 PagesBourg",Inès.Chartier@yahoo.com,"+33 5 59 30 16 17"
﻿Sébastien,Becker,"77, rue de Pineau
73 632 Perrier-la-Forêt",Sébastien.Becker@yahoo.com,0500435284
﻿Gérard,Breton,"87, rue de Baudry
56582 Mendes-les-Bains",Gérard.Breton@yahoo.com,"04 55 82 29 22"
﻿Philippine,Lefort,"5, avenue Pinto
57604 ClercBourg",Philippine.Lefort@yahoo.com,"+33 (0)9 59 52 08 19"
﻿Guy,Grondin,"15, rue Berthelot
12 241 Gautiernec",Guy.Grondin@hotmail.com,"+33 2 15 20 81 10"
﻿Xavier,Texier,"525, rue Maryse Delahaye
32 287 Meunier",Xavier.Texier@yahoo.com,0172356392
﻿Isabelle,Evrard,"3, impasse Zoé Germain
57189 Delaunay-sur-Jean",Isabelle.Evrard@yahoo.com,"+33 1 36 25 02 71"
﻿Céline,Verdier,"62, rue de Ruiz
51036 Pinto",Céline.Verdier@yahoo.com,"+33 1 32 02 76 56"
﻿Thérèse,Millet,"916, avenue Gimenez
01475 Morvan-la-Forêt",Thérèse.Millet@yahoo.com,"+33 (0)1 14 66 09 07"
﻿Yves,Gay,"33, place Peltier
13 520 Courtois",Yves.Gay@yahoo.com,0122078337
﻿Franck,Fontaine,"345, rue de Lefebvre
98547 Caronnec",Franck.Fontaine@yahoo.com,"+33 3 48 45 22 82"
﻿Yves,Michaud,"645, rue de Guichard
33 691 Rouxboeuf",Yves.Michaud@yahoo.com,"+33 (0)6 98 06 64 82"
﻿Louis,Michaud,"1, place David Guillet
41621 Schmitt",Louis.Michaud@yahoo.com,0280122802
﻿Élise,Millet,"45, rue Klein
55 183 Delattre",Élise.Millet@yahoo.com,"01 15 39 03 56"
﻿Adrienne,Herve,"182, place de Rodrigues
64 130 Roy-sur-Salmon",Adrienne.Herve@yahoo.com,"+33 (0)4 68 18 28 69"
﻿Olivie,"Da Silva","2, rue Gabriel Guyon
12630 Faure","Olivie.Da Silva@yahoo.com","01 08 88 00 27"
﻿Sylvie,Bernier,"10, rue Renard
42768 Carlier-sur-Le Roux",Sylvie.Bernier@yahoo.com,"+33 4 78 12 33 90"
﻿Olivie,Perrot,"23, place Guilbert
42 961 Delaunay-sur-Guillaume",Olivie.Perrot@yahoo.com,0607883853
﻿Eugène,Blot,"place Aurélie Blot
76684 Auger",Eugène.Blot@yahoo.com,"+33 (0)7 61 61 93 48"
﻿Henri,Laine,"398, avenue Suzanne Pinto
94 936 Faivre-sur-Fouquet",Henri.Laine@hotmail.com,"+33 7 48 47 70 51"
﻿Guy,Gaudin,"90, place Marc Berger
11 065 Beckerboeuf",Guy.Gaudin@yahoo.com,"01 71 44 27 60"
﻿Michelle,Thomas,"51, boulevard Thibault
19 449 Mace",Michelle.Thomas@yahoo.com,"+33 3 69 63 84 78"
﻿Vincent,Chauvet,"70, rue de Leroy
20638 Charpentier",Vincent.Chauvet@yahoo.com,"01 55 60 33 78"
﻿Catherine,Loiseau,"89, place Herve
42 478 Lambertnec",Catherine.Loiseau@yahoo.com,"03 23 40 85 09"
﻿Luc,Bonnin,"7, impasse de Raymond
46304 Paris-sur-Mer",Luc.Bonnin@hotmail.com,"07 63 05 72 95"
﻿Alain,Carpentier,"41, chemin Lefebvre
17 709 Bertin",Alain.Carpentier@yahoo.com,"02 82 76 71 81"
﻿Benoît,Vincent,"17, boulevard de Roger
37 366 Albert",Benoît.Vincent@yahoo.com,"01 79 08 13 00"
﻿Danielle,Descamps,"93, rue de Lejeune
90 709 Reynaud",Danielle.Descamps@hotmail.com,"+33 (0)1 93 71 56 45"
﻿Adèle,"De Sousa","avenue de Dumas
24 080 Couturier-sur-Etienne","Adèle.De Sousa@hotmail.com","04 66 42 97 61"
﻿Adrien,Sauvage,"10, impasse de Marques
75 015 Samsonboeuf",Adrien.Sauvage@yahoo.com,"01 17 37 14 55"
﻿Marc,Giraud,"32, rue Martel
54 444 Roux-sur-Fouquet",Marc.Giraud@yahoo.com,"03 03 12 60 80"
﻿Éléonore,Chevalier,"chemin de Deschamps
52 458 Techer",Éléonore.Chevalier@hotmail.com,"+33 9 46 84 66 71"
﻿Constance,Cousin,"2, avenue de Legendre
94663 Lemaitre-sur-Auger",Constance.Cousin@yahoo.com,"08 91 41 55 13"
﻿Isaac,Moreau,"4, boulevard Valentine Leleu
29714 Deschamps",Isaac.Moreau@yahoo.com,"+33 (0)9 79 69 03 02"
﻿Marthe,Fabre,"99, rue Bouvier
37500 Couturier",Marthe.Fabre@yahoo.com,"+33 (0)6 74 82 03 90"
﻿François,Benard,"99, rue Frédéric Marechal
87 364 Vidalnec",François.Benard@yahoo.com,"01 89 16 56 48"
﻿Élodie,Ferreira,"566, rue Lucas Chauvin
83135 Robin",Élodie.Ferreira@yahoo.com,"+33 7 70 26 44 81"
﻿Michèle,Thierry,"34, place de Francois
19 407 Vincent",Michèle.Thierry@hotmail.com,"+33 1 92 25 88 05"
﻿Patrick,Schmitt,"15, impasse Jacquot
51 374 BouvierBourg",Patrick.Schmitt@yahoo.com,"06 31 33 76 82"
﻿Monique,Marchand,"89, chemin Jeanne Pascal
84 778 Loiseauboeuf",Monique.Marchand@yahoo.com,0488813643
﻿Alphonse,Menard,"impasse Gonzalez
61089 Gilbert",Alphonse.Menard@yahoo.com,"+33 5 87 99 80 30"
﻿Benoît,Normand,"144, chemin Timothée Valentin
38113 Mullerboeuf",Benoît.Normand@yahoo.com,0366041663
﻿Jean,Devaux,"361, avenue Hoareau
49 649 Guilloudan",Jean.Devaux@yahoo.com,"09 86 53 72 30"
﻿Aimé,Joseph,"avenue Emmanuel Pruvost
54060 Garcia",Aimé.Joseph@yahoo.com,"06 99 28 71 33"
﻿Claire,Martineau,"impasse de Thierry
52830 Peron",Claire.Martineau@yahoo.com,"+33 (0)4 51 97 89 57"
﻿Luce,Benoit,"12, chemin de Martel
27 520 Begue",Luce.Benoit@yahoo.com,0523236574
﻿Diane,Delannoy,"88, place Evrard
27679 Rocher",Diane.Delannoy@hotmail.com,0453289268
﻿Valentine,Colin,"8, boulevard Laroche
22376 Moreau",Valentine.Colin@yahoo.com,"+33 (0)6 46 14 38 38"
﻿Alix,"Dos Santos","574, place Lucas
47 285 Renault-la-Forêt","Alix.Dos Santos@yahoo.com","08 21 61 50 06"
﻿Olivier,Girard,"30, rue de Vidal
73527 Chauveauboeuf",Olivier.Girard@yahoo.com,"+33 2 97 11 57 75"
﻿Margot,Pottier,"38, avenue de Bailly
04 089 Merle",Margot.Pottier@yahoo.com,"+33 6 33 31 36 79"
﻿Alphonse,Begue,"64, rue de Pasquier
16346 Texier-sur-Mer",Alphonse.Begue@yahoo.com,"08 25 19 50 21"
﻿Auguste,Becker,"38, rue Guillaume Grondin
79095 Riviere-sur-Mer",Auguste.Becker@yahoo.com,"+33 (0)4 92 16 48 30"
﻿Alain,Fleury,"avenue Schmitt
60 903 Bonnet-sur-Raynaud",Alain.Fleury@hotmail.com,0543380623
﻿Hugues,Meunier,"59, rue Geneviève Pichon
25562 Roy-sur-Valette",Hugues.Meunier@yahoo.com,"+33 (0)1 59 10 01 93"
﻿Étienne,Guibert,"78, boulevard de Delannoy
25 767 Robindan",Étienne.Guibert@yahoo.com,"05 52 12 70 16"
﻿Madeleine,Mary,"67, rue Michelle Le Roux
06766 Perret",Madeleine.Mary@yahoo.com,"+33 9 09 13 02 03"
﻿Louis,Gilles,"rue de Briand
69404 Joseph",Louis.Gilles@yahoo.com,0941908887
﻿Adèle,Bourdon,"38, rue Benoit
98 857 Leblanc",Adèle.Bourdon@yahoo.com,"08 92 74 16 84"
﻿Agnès,Roger,"impasse de Julien
92 518 Marchand",Agnès.Roger@yahoo.com,0374839866
﻿Thibaut,Duhamel,"4, chemin Berger
22 644 Bazinboeuf",Thibaut.Duhamel@yahoo.com,"+33 (0)6 67 97 32 86"
﻿Martine,Gimenez,"avenue Marguerite Charpentier
54856 Leblanc-sur-Buisson",Martine.Gimenez@hotmail.com,"+33 1 95 34 09 17"
﻿Alphonse,Texier,"93, rue Buisson
89 458 Weiss",Alphonse.Texier@yahoo.com,0507150756
﻿Alexandria,Carre,"8, impasse Arnaude Adam
70457 Remy-sur-Thierry",Alexandria.Carre@hotmail.com,"+33 (0)6 38 57 55 19"
﻿Éléonore,Charrier,"28, rue Louis Rolland
17 133 Delattre",Éléonore.Charrier@yahoo.com,"+33 (0)6 11 67 11 44"
﻿Marguerite,Valette,"92, impasse de Ledoux
71 805 Dumont",Marguerite.Valette@yahoo.com,0928043842
